Workbook

Sheet Audit Log
A1: Timestamp | B1: Status | C1: Task Type | D1: Message | E1: Details
A2: 2026-10-11T16:05:05 | B2: SUCCESS | C2: load_workbook | D2: Workbook 'data/input_data.xlsx' loaded. | E2: {"sheets": ["SalesData"]}
A3: 2026-10-11T16:05:05 | B3: SUCCESS | C3: copy_data | D3: Copied 9 data rows from 'SalesData' to 'Raw Data' | E3: {}
A4: 2026-10-11T16:05:05 | B4: SUCCESS | C4: calculate_column | D4: Column 'D' (Total Revenue) filled with formula for rows 2-10 | E4: {}
A5: 2026-10-11T16:05:05 | B5: SUCCESS | C5: conditional_format | D5: Applied 'color_scale' formatting to Raw Data!D2:D100 | E5: {}
A6: 2026-10-11T16:05:05 | B6: SUCCESS | C6: calculate_column | D6: Column 'E' (Status) filled with formula for rows 2-10 | E6: {}
A7: 2026-10-11T16:05:05 | B7: SUCCESS | C7: conditional_format | D7: Applied 'expression' formatting to Raw Data!E2:E100 | E7: {}
A8: 2026-10-11T16:05:05 | B8: SUCCESS | C8: data_validation | D8: Dropdown ['Pending', 'Approved', 'Rejected'] added to Raw Data!F2:F10 | E8: {}
A9: 2026-10-11T16:05:05 | B9: SUCCESS | C9: chart | D9: Bar chart 'Revenue by Product' placed at H2 | E9: {}
A10: 2026-10-11T16:05:05 | B10: SUCCESS | C10: summary_sheet | D10: Summary sheet 'Summary' created with 7 metrics from rows 2-10 | E10: {}
A11: 2026-10-11T16:05:05 | B11: INFO | C11: agent_run_summary | D11: Agent finished 8 tasks in 0.01 seconds. | E11: {}

Sheet SalesData
A1: Product Name | B1: Quantity | C1: Unit Price
A2: Laptop | B2: 2 | C2: 1200.5
A3: Mouse | B3: 5 | C3: 25
A4: Keyboard | B4: 3 | C4: 75.99
A5: Monitor | B5: 1 | C5: 300
A6: Projector | B6: 1 | C6: 850
A7: Webcam | B7: 10 | C7: 45
A8: Headset | B8: 4 | C8: 99.99
A9: SSD | B9: 2 | C9: 180
A10: Router | B10: 1 | C10: 70

Sheet Raw Data
A1: Product Name | B1: Quantity | C1: Unit Price | D1: Total Revenue | E1: Status | F1: Review Status
A2: Laptop | B2: 2 | C2: 1200.5 | D2: =B2*C2 | E2: =IF(D2>1000,"High Value","Standard") | F2: Pending
A3: Mouse | B3: 5 | C3: 25 | D3: =B3*C3 | E3: =IF(D3>1000,"High Value","Standard") | F3: Pending
A4: Keyboard | B4: 3 | C4: 75.99 | D4: =B4*C4 | E4: =IF(D4>1000,"High Value","Standard") | F4: Pending
A5: Monitor | B5: 1 | C5: 300 | D5: =B5*C5 | E5: =IF(D5>1000,"High Value","Standard") | F5: Pending
A6: Projector | B6: 1 | C6: 850 | D6: =B6*C6 | E6: =IF(D6>1000,"High Value","Standard") | F6: Pending
A7: Webcam | B7: 10 | C7: 45 | D7: =B7*C7 | E7: =IF(D7>1000,"High Value","Standard") | F7: Pending
A8: Headset | B8: 4 | C8: 99.99 | D8: =B8*C8 | E8: =IF(D8>1000,"High Value","Standard") | F8: Pending
A9: SSD | B9: 2 | C9: 180 | D9: =B9*C9 | E9: =IF(D9>1000,"High Value","Standard") | F9: Pending
A10: Router | B10: 1 | C10: 70 | D10: =B10*C10 | E10: =IF(D10>1000,"High Value","Standard") | F10: Pending

Sheet Summary
A1: Metric | B1: Value
A2: Number of Products | B2: =COUNT('Raw Data'!B2:B10)
A3: Total Quantity Sold | B3: =SUM('Raw Data'!B2:B10)
A4: Total Revenue | B4: =SUM('Raw Data'!D2:D10)
A5: Average Revenue per Product | B5: =AVERAGE('Raw Data'!D2:D10)
A6: Highest Revenue | B6: =MAX('Raw Data'!D2:D10)
A7: Top Product | B7: =INDEX('Raw Data'!A2:A10,MATCH(MAX('Raw Data'!D2:D10),'Raw Data'!D2:D10,0))
A8: High Value Products (>1000) | B8: =COUNTIF('Raw Data'!E2:E10,"High Value")
